"""When I finally decided to leave my abusive ex-boyfriend, I lost a lot of weight and got really depressed. I am so much better and happier now, doing better in every other aspect, except I can‚Äôt get my weight back up. I hate how I‚Äôve lost so much weight. Even my breasts look different and like they have excess skin. Has anyone had this problem or does anyone have an idea of building a body after extreme weight loss? I‚Äôm so insecure. I feel like I won‚Äôt ever want to have sex again because I can‚Äôt find a solution aside from surgery."""
"""Is Punjabi Tandoor good? If not then what Indian places would you recommend?"""
"""What really bothers me is how people are simply killing animals all the time. Like why? I find it so stupid how people go out killing animals when there's an animal attack. For example, we see a shark attack and then the next few years, we start going out there and hunting sharks. Sharks don't even attack humans on purpose. First of all, you're in their fucking territory and they have the right to defend themselves and home. Don't fucking expect the animals to not defend their homes when you're fucking in their territory. We fucking have the right to shoot people for being in our property like the fucking wild animals that we are but when an animal is doing the same exact thing, it's fucking like the world is going to end. Second of all, most animals are fucking curious so they ""nibble"" and sometimes it just so fucking happens that it's labelled as an ""attack"". Dogs fucking come up and sniff for curiosity or they fucking teeth and we think it's cute. Sorry sharks don't fucking come up to you and poke you with their fins as curiosity. Their way of being curious is having a nibble; they're just strong jaws. That's why people in fucking cages when shark diving get ""attacked"". Sharks don't know what the fuck is that thing doing in the water and they want to know. We are allowed to just waltz into any fucking animal territory and study their homes and behavior how ever we like because of curiosity without thinking about invading their territory. There's fucking 16 annual shark attacks and 1 fatal shark attack EVERY. TWO. FUCKING. YEARS. You have a higher chance of dying to a fucking bullet ant than a shark. What's with people killing animals and poaching?!?!? Who in the right fucking mind looks into an animals eyes and fucking start cutting their horns off? That's like having other fucking people coming up to you and taking your fucking organs and selling it for money, which is the fucking black market organ trade. That's so fucking wrong but you're doing the same exact shit to animals but because we're on the top of the food chain or we are a more advanced organism living in this fucking world, it gives us the right to fucking do that to other animals but when it's done to us, it's fucking war. Don't fucking get mad at me and say shit like ""there's people out there who do good for these animals"". Yea no shit, there's people out there but there's also fucking good cops our there but all we fucking remember is those police officers who shoot black people just because they can. It's because we're wearing a uniform that represent the human race and there's fucking a lot of people who are out there making these adorable and loving animals go extinct. This is why I wish there's more diseases like cancer and the bubonic plague to fucking kill more humans; we're over populating this fucking world anyway and killing other animals just to sustain our selfish asses. Yea, say what if my family members get cancer? Honestly, that's just how life goes and it sucks. I'm willing to exchange 2.53 billion people for all the animals that aren't SUPPOSED to go extinct and have them back. It fucking sucks thinking how there's only 2 FUCKING NORTHERN WHITE RHINOS LEFT. It fucking sucks how some of us will never know how a fucking gorilla, tigers, sea turtles, orangutans, elephants, rhinos, or even saolas look like because we're too busy fucking killing other animals to keep ourselves alive. Don't give me crap about this is just survival of the fittest. These animals belong here and they are the reason why we have life on this shitty planet. I'm tired of seeing people treating other living things like shit. I'm tired of seeing people not know what belongs in the fucking trash or recycle or compost. I'm tired of dumb-ass people who are fucking in college and still don't know how to act as a fucking decent human being. People like that are a fucking waste of space and deserve to die. I wish the worse for them. Thank you for listening to my ted talk."""
"""Someone stole my hydroflask and i‚Äôm still hella pissed about it. And If I see you with it you will get these hands"""
"""Does anyone else literally hate everything about this quarter? Every reading, paper, assignment, lecture, bullshit ass class session. I AM DONE...ugh like this last month of school might tank my GPA, but i'm so unmotivated that IDGAF. Who else is DONEEEE WITH SPRING QUARTER?"""
"""I‚Äôm Asian and I like boba but I don‚Äôt think it‚Äôs that good tbh. I could drink it like twice a month and enjoy it but it‚Äôs really not that great y‚Äôall mfs acting like it‚Äôs heroin it‚Äôs not really that good tho"""
"""Shoutout to Curtis (and all the other admins) for bringing joy to my life!"""
"""I have a fat crush on a guy who is in a relationship with a regular in this confession page. I‚Äôm an okay looking girl. I‚Äôm pretty and all but she is a solid 10. FML PS: She‚Äôs a 9 if you‚Äôre not into mini people. Thank god I‚Äôm taller than her. She‚Äôs barely a human more like Snow white had sex with one of the dwarves and she was born."""
"""I'm breaking up with my long-term boyfriend tomorrow and I'm really nervous. I still love him and care about him but we've really grown apart and I'm ready to move on. I want to be my own person and figure out what it's like to be single, especially since I've been dating him since high school. I've been thinking about this for a long time and I know I'm ready, but I'm still so scared and nervous. I'm really worried about him once we do break up. Any advice?"""
"""I'm someone who has trouble making friends and I was lucky enough to make friends with my roomates. It started off quite well, hangouts etc. I'm admit that I can be a bit dumb at times and my roommates caught on. Coming into 2nd quarter they started teasing me for it and I played it off as a joke. That's how it started off as a joke. It escalated pretty quickly where there is not a day that goes by where they didn't make fun of me. I feel like I'm middle school all over agian and it fuckin sucks. Everyone else in our friend group noticed it to and questioned them on why they are doing this. Their explanation was that ""it's just what friends do"". They even brag about it like that is how ""close"" we are because I can ""stand"" it. Really though, I got to the point where I'm discourage to even talk to them, in fear of saying something wrong or dumb and have them just go off on me. I hate being in dorm because they're there and after they go off on me I just leave the dorm for hours and act like I'm studying. I cry here and there because of them because I just feel like I'm being bullied in fucking college like I was in throughout my childhood. The one time they caught me crying, they said ""it's just joke, why are you crying"". I'm know they good people but I wish they were more considerate. I'm scared to tell them what I feel about them, since I will probably be told that I'm to sensitive( I've always been told that) and dont know how to take a joke. I living with them next year and I dont think my mental state cant handle it anymore. I feel like I'm trapped because all of my friends are also their friends and I have no one to talk to."""
"""Matlab is actually a pretty good programming language"""
"""Goodys market has so many new faces... where is this tall Asian dude? Also, do they still play this trash Red Hot Chili Peppers?"""
"Okay, so there's this boy that I really want to fuck so bad. He's kinda cute and he has a nice body. But I don't know how to go about asking him? I don't even know if he's into me like that. We share a friend circle and our interactions this far have been strictly platonic. There's been things that he's said that I could have replied in a flirty way, but that would've required major boldness. If anyone has any advice on how I go about this, I would greatly appreciate it."
You smiled and me and now I've thought of 10 different ways I'd fuck you
"""I'm a straight guy but I also find guys wearing girl's clothes to be attractive. One time I got high with a crossdressing friend and we ended up having sex, I gave him a blowjob and let him fuck me. I didn't mind it and honestly would be down to do it again. Hell, I would even wear girl's clothes too this time. But I think kissing a guy is gross and I don't want to date one. I'm also attracted to transsexual women. And just women too, of course. So uh. What am I exactly?"""
"""This kid I went to high school that brutally harassed me and bullied me apparently has leukemia... mixed feelings to say the least."""
"Does anyone know if Rodolfo Hernandez, the shuttle driver is single? I‚Äôm tryna mingleeee"
"""I'm Mexican, but I hate Mexican music"""
"""i love that stupid jacket of yours and the flannel. I fantasize about being able to wear one and be yours."""
"""Johnny Zhang (the IEEE tech chair) is an uwu daddy."""
"""Indian guys either want to be black (for some reason) or be white (for some worse reason). Y'all have beautiful culture. Y'all ARE beautiful. Don't change for anyone."""
"""Not gonna lie. I'm a queer girl, and armpit hair on feminine peeps is hot. I'm probably in the minority here, but either the confidence is portrays or the pheromones or both really fucking get me. It literally makes no difference for guys tho"""
"""My old roommate really called herself ‚Äúfriendly, clean, and organized‚Äù on the off campus housing page. LOL, I was almost going to comment with pictures showing how dirty she is"""
"""How do I kindly reject someone that I'm not interested in?"""
"""I clicked on a person‚Äôs from this group profile, and I found the most arousing photo ever and jerked it to that pic that night"""
"""He keeps calling me a princess, but it feels backhanded."""
"""Professor Man from the history department is such a snacc it was so hard to concentrate in HILD 7B. 10/10 would be down for some office hours (if you know what I mean ;) )"""
"""so my high school best friend and i came here to ucsd together. our relationship in HS was great; we always talked about whatever was going on in our lives and our minds. But now after being here at ucsd for three years, it feels like we never talk anymore. you went and found a new group of friends that you always are happy to be around, and im happy youre happy with them, but it makes me sad seeing you happier with others than you were with me since you all have much more in common. whenever we do talk, it feels awkward, like we dont know what to say. i want to tell you everything going on in my life--my classes, my career change, everything--but it just doesnt feel the same anymore. sometimes i feel like you dont like me as much cuz we got in fights over this and id come off as clingy but i just want us to talk and hang out, but you never seem to want to... i know that our lives are changing and we have to adjust, but i dont think that means we should completely forget each other. you were/are my best friend, but it feels like we are gradually growing apart from each other and there is nothing i can do about it..."""
"""Wore a pair of shoes that are definitely bold on its own and got many comments mostly from other girls about being a ""fob"" or ""chinese"". Because apparently dressing differently and because how you like equates to being an international student. Well I'm going to keep wearing my shoes regardless"""
"""@ 13322 she likes you but is too nervous and is waiting for you to do something or show some form of interest in her"""
"""I appreciate professors who know upload files or lecture slides in PDF format rather than powerpoint on TritonED so I don't end up downloading a million files onto my computer when I click the link. I just tryna see the file man. I aint tryna commit 2MB to you."""
"""Mathematicians have nothing better to do in their life so they just count shit"""
"""In seeing 13418, I'd like to throw myself into the mix to give options to whoever is DTF. Same height, 6', but Asian. Also left contact info with admins."""
"""Why do some guys not make much or any noise during sex? It‚Äôs totally fine to moan or grunt. In fact, it‚Äôs hot when guys make a lot of sounds or talk dirty. It literally increases the pleasure factor for me because there‚Äôs that audible affirmation that my partner is enjoying it. I don‚Äôt want to be the only one making a ruckus"""
"""Anyone else in CHEM 7L(M) who is/was driven mad by the tedium of the lab report for the acid-base titration experiment? Ik this is just a first year lab class and shit is gonna get WAY worse in the years to come (upperclassmen are prob laughing at this post and thinking I'm puny). Still this page is a good place to vent. Call it buyer's remorse at fucking UC Scam Diego."""
"""Jason Pham is cute x3"""
"""I said whoever got the confessions page Zucc‚Äôd your mom‚Äôs a hoe. I had my confessions posted and actually valued some opinions expressed by the good ppl of this page but now they‚Äôre gone. -.- now I am left with no advice."""
"""I'm not vegan but I always eat at roots. Like on the days when they have the 'green brownies' its straight up guaranteed to be a great day. Plus there are supa cute and friendly people who work there. I eat at dining hall regularly even though I'm a commuter because I think the food is better, cheaper, and healthier than PC. ROAST ME."""
"""The policy of ""we will post confessions with people's names in them, and if they see them and don't like them we will remove them"" is reckless and irresponsible. First off, they might not be in this page, and even if they are, it can take hours before they go on Facebook and see it. By then, the damage is already done. And judging by the track record of the admins in the past, they're probably not going to respond in a timely manner anyways. They will probably give some BS like ""we have lives too and can't respond to every message right away"" even though it's a problem that *they* created and *they* have a responsibility to fix. You are playing a dangerous game with peoples' reputations. You can really screw people over, and you don't really have any idea how big of a deal this is. Since many of the admins on this page make fools of themselves regularly on Facebook, they don't see the potential harm in doing the same to an unwilling participant. In this day and age, social media miscues can fuck people over big time."""
"""I'm gonna switch to electric razors and idi which one to do. So, guys and girls, which razor would you guys recommend that has a close shave and would be ok for me to use on my private area (for guy)?"""
"""savanna from OVT who made my pizza, you‚Äôre cute and took my order. Since I‚Äôm not, can I take your number? """
"""Any other Indian people who are super embarrassed by the homeland? The fetishization of non-Indian women, the rampant sexism, the obvious racial biases in everything, getting defensive the moment anyone criticizes India even slightly. I joke about it, and I meme about it (subtle curry traits is lit), but I really do resent the negative image the put on the rest of us."""
"""Is there anyone here who has seborrheic dermatitis or psoriasis and has found an effective treatment? help a girl out. I'm dying from all the itchiness, inflammation, dryness and acne."""
"""can people living in the dorms please minimize their fucking noise when the walls are so fucking thin like we don't need to hear you stomping around or having sex just c h i l l"""
"""I'm really sad all the confessions are gone now :("""
"""@ all the people who chew with their mouths open: Maybe you weren't taught this in your upbringing for cultural reasons, but in the greater society, chewing with your mouth open is considered rude and displays poor etiquette. Not to mention it's sounds so disgusting to hear you smack your lips and munch food around in your mouth. For me, it literally makes me quesy ü§¢. There's a lot of people I know who are bothered by the sound of open-mouth chewers but don't say anything because they don't want you to take it the wrong way. So take it from me, I am telling you, on behalf of all of us, for the love of God, PLEASE CHEW WITH YOUR MOUTH CLOSED!!!!"""
"""I‚Äôve been busting ass to different places and trying to hit the gym for stress relief but now my legs are so sore :( pls someone give me massage tips to loosen the muscles"""
"""To all of you who lack self-awareness or were maybe brought up having things cleaned for you..which has now caused you to be the worst roommate/housemate, YOU ARE LITERALLY THE WORST. When you come home and the trash and recycling are empty, SOMEONE DID THAT. When you come home and your trash is thrown away, SOMEONE DID THAT. When you come home and your dirty dishes that were there for a month are put away and cleaned, SOMEONE DID THAT. These things don't just magically happen. Someone is cleaning up after you just so they can live in a decently clean and sanitary place. Have some respect for your peers, friends and housemates who are working just as damn hard as you in school and at work by just cleaning up after yourself. You are literally just adding to the stress of the people you live with."""
"""I am a frequent commenter on this page, but lately y'all have been posting things that are way too sexual and I have no idea what to say to these thirst posts. If I was having sex I wouldn't spend all my time reading your damn confessions. Stop being so horny you all are ruining my career!"""
"""To the guy who's ALWAYS in Geisel 2 East in front of the digital media lab sitting in the EXACT SAME SPOT, wearing glasses and a bucket hat. Everytime Im here I see you EVEN past midnight :o . I even hear your friends telling at you to go home~. Pls take care :( YOu always look so stressed out. I u kknow who i'm talking about giv him a hug lolol <3"""